Name,Vendor,Purchase_Price,Purchase_UOM,Purchase_Size,Density
Valerian Root Extract,,35.0,kg,1,1.0
lemon balm Extract ,,35.0,kg,1,1.0
agarikon Extract,Myriad Mycology,63.0,lb,1,1.0
chaga Extract,Bulk Supplements,49.96,l,1,1.0
cordyceps Extract,Bulk Supplements,23.594,l,1,1.0
Turkey tail Extract,Bulk Supplements,50.794,l,1,1.0
Reishi Extract,Bulk Supplements,34.96,l,1,1.0
Lions Mane Extract Powder,Bulk Supplements,36.594,kg,1,1.0
rose hips Extract,,0.98,oz,1,1.0
damiana Extract,,1.38,oz,1,1.0
red raspberry leaves Extract,,14.0,lb,1,1.0
lemon verbena Extract,,2.38,oz,1,1.0
lavendar Extract,,1.98,oz,1,1.0
valerian Root Extract,,1.38,oz,1,1.0
peppermint Extract,,0.98,oz,1,1.0
lemon balm Extract ,,1.18,oz,1,1.0
carnauba wax,Bulk Natural Oils,16.0,kg,1,1.0
ashwaghanda Extract,Nature Vibe,5.28,lb,1,1.0
bacopa Extract,Nature Vibe,10.0,kg,1,1.0
turmeric Extract,,3.24,lb,1,1.0
purple bamboo salt,,258.7,kg,1,1.0
Zinc Oxide,Bulk Apothecary,6.0,lb,1,1.0
Shea Butter,,4.35,lb,1,1.0
Avocado Oil,,36.97,gal,1,1.0
Bentonite Clay,,8.46,lb,1,1.0
Ancient Salt,,8.88,lb,1,1.0
Celtic Salt,,14.4,lb,1,1.0
Primordial Salt,,20.0,lb,1,1.0
Strawberry Lemonade,,7.68,lb,1,1.0
Myrcene,,0.71,g,1,1.0
mio flavor,,20.95,l,1,1.0
Honey,,63.29113924,lb,1,1.0
Agave,https://shop.nectave.com/products/nectave-gallon-tote?variant=29629774692430,25.0,gal,1,1.0
Agave Megan,,4.5,kg,1,1.0
Raspberry extract,,2.01875,oz,1,1.0
Raspberry Syrup,,5.03,l,1,1.0
Rose Syrup,,7.2,l,1,1.0
Watermelon Extract,,2.13125,oz,1,1.0
Watermelon Syrup,,7.5075,l,1,1.0
Citric Acid,Bulk Supplements,16.392,kg,1,1.0
Sour,,80.96,kg,1,1.0
Sour Apple,,21.25,l,1,1.0
Sour Cherry,,41.71,l,1,1.0
Lime,,21.25,l,1,1.0
Mojito Mint,Amoretti,164.91,lb,1,1.0
Hemp Protein,,15.85,kg,1,1.0
Plant Protein,,11.85,kg,1,1.0
Mushrooms,,69.0,kg,1,1.0
Seamoss,,34.0,lb,1,1.0
Amino Acids,,40.0,kg,1,1.0
Greens Concentrate,,21.0,lb,1,1.0
Probiotics,Starwest Botanicals,61.42,lb,1,1.0
Sweetener,,30.0,kg,1,1.0
Cacoa,,7.3,kg,1,1.0
Vanilla,,195.0,lb,1,1.0
Babassu,,5.0,lb,1,1.0
Amaranth,,2.25,lb,1,1.0
Flavoring,,7.0,l,1,1.0
peanut butter,,2.99,lb,1,1.0
pumpkin,American Spice Company,8.84,lb,1,1.0
flaxseed,,5.5,kg,1,1.0
Pineapple Extract,,12.0,l,1,1.0
Sodium Bicabonate,Bulk Apothecary,0.46,lb,1,1.0
Manuka Honey,Bulk Natural Oils,30.5,kg,1,1.0
Calendula Flowers,Mountain Rose,22.0,lb,1,1.0
Colledial Oats,From Nature with Love,9.0,lb,1,1.0
Vitamin C,Bulk Apothecary,9.87,lb,1,1.0
Azelic Acid,Fisher Scientific,208.0,kg,1,1.0
Vegan Lotion Base,Bulk Apothecary,30.0,gal,1,1.0
lemon verbena hydrosol,,243.0,gal,1,1.0
cyclomethicone,Bramble Berry,8.542857143,lb,1,1.0
Fractionated Coconut Oil,Bulk Apothecary,4.75,lb,1,1.0
grapeseed oil,Bulk Apothecary,2.71,lb,1,1.0
magnesium,Ancient Minerals,3.75,lb,1,1.0
menthol,bulk apothecary,29.59,lb,1,1.0
Arnica Essential Oil,Florihana,1.91,oz,1,1.0
cloves,Liberty Naturals,35.62,lb,1,1.0
cayenne,bulk supplements,34.0,kg,1,1.0
Eucalyptus Essential Oil,Liberty Naturals,37.09,lb,1,1.0
cedar wood,Liberty Naturals,24.67,lb,1,1.0
frankincense,Liberty Naturals,49.05,lb,1,1.0
ginger Root Extract,Liberty Naturals,70.23,lb,1,1.0
sandalwood,Liberty Naturals,758.0,lb,1,1.0
vitamin e,Bulk Apothecary,29.97,lb,1,1.0
Milk Powder (coconut),Micro Ingredients,19.0,kg,1,1.0
Chamomile Flower (Powder),Mountain Rose,30.0,lb,1,1.0
Arrowroot (Powder),Bulk Apothecary,3.4,lb,1,1.0
Pink Himalayan Sea Salt,Bulk Apothecary,4.12,lb,1,1.0
Hibiscus Flower (whole),Mt Hope,8.75,lb,1,1.0
Chamomile Flower (Whole),Mt Rose,28.0,lb,1,1.0
Jasmine Flowers (Whole),Herbco,25.0,lb,1,1.0
Jasmine Essential Oil,Liberty Natural,18.2,lb,1,1.0
Rosehip Seed Oil,US Organic,350.0,gal,1,1.0
Witch Hazel,Bulk Apothecary,2.2,lb,1,1.0
Epsom Salt,Bulk Apothecary,1.0,lb,1,1.0
Corn Starch,Bulk Apothecary,0.83,lb,1,1.0
Coffee,Vesta,8.0,lb,1,1.0
Cocoa Butter,Bulk Apothecary,4.47,lb,1,1.0
Dead Sea Salt,Bulk Apothecary,1.97,lb,1,1.0
Tween 80,Bulk Apothecary,5.4,lb,1,1.0
Rose Petals (dry),Mt rose,76.0,lb,1,1.0
Lavender Flowers (dry),Mt Rose,32.0,lb,1,1.0
Mica Powder,Natural Pigments,11.5,kg,1,1.0
Haitian Black Castor Oil,tdytrading.com,57.5,gal,1,1.0
Hemp Seed Oil,Bulk Apothecary,5.05,lb,1,1.0
Rosemary Essential Oil,Bulk Apothecary,32.17,lb,1,1.0
Pomogranite Seed Oil,BulkNaturalOils.com,36.0,kg,1,1.0
Black Currant Powder,BulkSupplements.com,24.96,lb,1,1.0
Charcoal Powder (activated),Bulk Apothecary,30.4,lb,1,1.0
Calendula Flowers,Mountain Rose,22.0,lb,1,1.0
Chamomile Flowers,Mountain Rose,20.67,lb,1,1.0
Olive Oil,Bulk Apothecary,4.73,lb,1,1.0
Marshmallow Root,,25.5,lb,1,1.0
Beeswax (organic),Bulk Apothecary,9.54,lb,1,1.0
Blood Orange Essential Oil,,36.0,oz,1,1.0
Glycerine,,12.2,gal,1,1.0
Maple Sugar,myspice sage,23.0,lb,1,1.0
Lacuma,nuts.com,17.45,lb,1,1.0
Aloe Gel,Real Aloe,30.0,gal,1,1.0
Erythritol,Azure,6.58,kg,1,1.0
L-Theanine,Bulk Supplements,114.0,kg,1,1.0
Jatamansi,rosemary herb shop,85.0,kg,1,1.0
Shankhapushpi,Banyan,120.0,kg,1,1.0
Magnesium Oil,Organic Creations,37.0,gal,1,1.0
Dandelion Flowers,,23.5,lb,1,1.0
Mango Butter,bulk apothecary,7.55,lb,1,1.0
Calendula Essential Oils,Mt Rose,4.25,oz,1,1.0
Cedarwood Essential Oils,Mt Rose,7.5,oz,1,1.0
Argan Oil,Bulk Apothecary,18.15,lb,1,1.0
Jojoba Oil,,11.68,lb,1,1.0
Bergamont Oil,Bulk Apothecary,86.92,lb,1,1.0
Sweet Orange Oil,Bulk Apothecary,12.68,lb,1,1.0
Vetiver Essential Oil,Bulk Apothecary,63.06,oz,1,1.0
Black Himalayan Sea Salt,Spice Jungle,2.79,lb,1,1.0
Lavender Essential Oil,Bulk Apothecary,37.42,lb,1,1.0
Chamomile Essential Oil,Bulk Apothecary,102.52,oz,1,1.0
Spearmint,Liberty Natural Products,37.55,lb,1,1.0
Ylang Ylang Essential Oil,Liberty Natural Products,8.8,oz,1,1.0
Lime Essential Oil,Bulk Apothecary,89.09,lb,1,1.0
Coconut Extract,Liberty Natural Products,0.32,oz,1,1.0
Ginger Extract,Liberty Natural Products,18.47,oz,1,1.0
Lime Zest (Peel),Bulk Apothecary,24.78,lb,1,1.0
Raw Sugar,Golden Barrel Bulk Sugar,0.64,lb,1,1.0
Bentonite Clay,Bulk Apothecary,0.65,lb,1,1.0
Green Zeolite Clay,Crafters Choice,10.86,lb,1,1.0
Yarrow Leaf Powder,Ecuadorian Rainforest LLC,43.99,kg,1,1.0
Cat's Claw Powder,Ecuadorian Rainforest LLC,47.49,kg,1,1.0
Ginger Essential Oil,Bulk Apothecary,220.58,lb,1,1.0
Peppermint Essential Oil,Liberty Natural Products,37.06,lb,1,1.0
Lemongrass Essential Oil (organic),Bulk Apothecary,41.85,lb,1,1.0
Helichrysum Essential Oil (organic),Essential Wholesale,162.25,oz,1,1.0
Wintergreen Essential Oil,Liberty Natural Products,90.16,lb,1,1.0
Skullcap Essential Oil,Aroma Easy,13.62,oz,1,1.0
Meadowfoam Seed Oil,Bulk Apothecary,13.87,lb,1,1.0
Sweet Almond Oil,Bulk Apothecary,2.64,lb,1,1.0
Tocopheryl Acetate,Bulk Apothecary,29.97,lb,1,1.0
Arnica Oil,Florihana,39.4,lb,1,1.0
Stevia,,31.3,kg,1,1.0
Dry malt Extract,,4.9,lb,1,1.0
Monk Fruit Extract,,57.4,kg,1,1.0
Fructose,,6.32,kg,1,1.0
Ocean Minerals,,25.0,lb,1,1.0
Hydrolyzed Whey Protein,Bulk Supplements,12.5,lb,1,1.0
inulin,Bulk Supplements,31.92,lb,1,1.0
L-Glutamine,Bulk Supplements,23.96,lb,1,1.0
 Sucralose,Bulk Supplements,37.96,lb,1,1.0
Lactase,Ingredient Depot,42.95,kg,1,1.0
L-Leucine,Bulk Supplements,33.92,lb,1,1.0
L-Isoleucine,Bulk Supplements,28.96,lb,1,1.0
L-Valine,Bulk Supplements,18.96,lb,1,1.0
Soy Lecithin,Bulk Supplements,21.96,lb,1,1.0
Biotin 1%,Bulk Supplements,35.92,lb,1,1.0
Camphor,Liberty Naturals,28.46,kg,1,1.0
Dandilion Root Extract,Startwest Botanicals,6.92,oz,1,1.0
Organic Sandalwood Essential Oil,,1124.01,lb,1,1.0
ORGANIC Dandelion Essential Oil,,114.0,lb,1,1.0
SUSTAINABLE Magnesium Oil,ANcient Minerals,40.0,kg,1,1.0
ORGANIC Avocado Oil,Bulk Natural Oil,14.25,kg,1,1.0
ORGANIC Haitian Black Castor Oil,Africa Imports,24.95,lb,1,1.0
ORGANIC Shea Butter,Bulk Apothecary,3.05,lb,1,1.0
ORGANIC Mango Butter,Bulk Natural Oils,12.5,kg,1,1.0
ORGANIC Cocoa Butter,Bulk Natural Oils,16.5,kg,1,1.0
ORGANIC Arrowroot (Powder),Mountain Rose Herbs,5.78,lb,1,1.0
ORGANIC Citric Acid,Mountain Rose Herbs,5.1,lb,1,1.0
ORGANIC Vitamin C,Bulk Apothecary,7.97,lb,1,1.0
ORGANIC frankincense,Plant Therepy,101.2,kg,1,1.0
ORGANIC Lavender Essential Oil,https://www.planttherapy.com/organic-lavender-essential-oil-bulk?v=3091&gclid=Cj0KCQjw8vqGBhC_ARIsADMSd1Ac9CwCzRgwMm4ryut4cMSH-v-yD7As7yd6ddNG65ri5BpP5dxbGpsaAmaKEALw_wcB,147.8,kg,1,1.0
ORGANIC Hemp Seed Oil,https://bulknaturaloils.com/hemp-seed-oil-virgin-organic.html,11.45,kg,1,1.0
ORGANIC grapeseed oil,https://bulknaturaloils.com/grape-seed-oil-virgin-organic.html?gclid=Cj0KCQjw8vqGBhC_ARIsADMSd1A_uDShBeN36d7RNdtFbkX-CywYAU3u6b3E3PCEvfDHJ5cWl1oS8bIaAtBCEALw_wcB,35.0,kg,1,1.0
ORGANIC Argan Oil,https://bulknaturaloils.com/argan-nut-oil-virgin-organic.html,31.9,kg,1,1.0
ORGANIC Golden Jojoba Oil,https://bulknaturaloils.com/jojoba-oil-golden-organic.html,19.2,kg,1,1.0
ORGANIC Pomogranite Seed Oil,https://bulknaturaloils.com/pomegranate-seed-oil-organic.html,34.0,kg,1,1.0
ORGANIC vitamin e,https://essentialwholesale.com/vitamin-e-oil-natural-non-gmo?gclid=Cj0KCQjw8vqGBhC_ARIsADMSd1BefNXc7TarQFcIa3QB2znmioYLcYFLafpPoPBBYVh0ZtGRsUcsbGMaAjdjEALw_wcB,79.55,lb,1,1.0
ORGANIC Calendula Essential Oils,https://www.starwest-botanicals.com/category/calendula-oil/,270.67,gal,1,1.0
ORGANIC Bergamont Oil,https://bulknaturaloils.com/bergamot-oil-cold-pressed-organic.html?gclid=Cj0KCQjw8vqGBhC_ARIsADMSd1BNNiVUjFFJJTQZU3P_JPgQtzLOaaFzkwgmyLcuyFFFclg5Sgr2dTUaAvpHEALw_wcB,272.59,kg,1,1.0
ORGANIC Cedarwood Essential Oils,https://www.edenbotanicals.com/cedarwood-atlas-organic.html,123.0,kg,1,1.0
Organic Sandalwood Essential Oil,https://www.libertynatural.com/,1214.01,lb,1,1.0
ORGANIC Sweet Orange Oil,https://www.edenbotanicals.com/orange-sweet-organic.html,76.5,kg,1,1.0
ORGANIC Rosemary Essential Oil,https://www.edenbotanicals.com/rosemary-ct-cineol-organic.html,248.0,kg,1,1.0
ORGANIC Jasmine Essential Oil,https://wholesalebotanics.com/collections/is-organic/products/organic-jasmine-essential-oil?variant=39504489480357&utm_source=google-shopping&utm_medium=pla&utm_campaign=ORGWBEO-JASMINE1GAL&gclid=Cj0KCQjw8vqGBhC_ARIsADMSd1BhrcxBpcP5sryC6N7hHlJkiyKGOZTyxe0qGZIssNKNbiYkXAOWf1YaAtldEALw_wcB,306.24,lb,1,1.0
ORGANIC Vetiver Essential Oil,https://www.edenbotanicals.com/vetiver-haiti-organic.html,831.0,kg,1,1.0
ORGANIC Yarrow Leaf Powder,https://mountainroseherbs.com/yarrow-powder,21.5,lb,1,1.0
ORGANIC Cat's Claw Powder,https://mountainroseherbs.com/cats-claw-powder,12.0,lb,1,1.0
ORGANIC Ginger Essential Oil,https://www.bulkapothecary.com/ginger-certified-organic-essential-oil/?sku=23-0018-003&gclid=Cj0KCQjw8vqGBhC_ARIsADMSd1Bm4az0PWIcSagW6DCeSDpHCbuYn5EW36G46P6VNSH4aT5wfAI_GeIaAqL1EALw_wcB,214.416,lb,1,1.0
Manuka Honey,https://manukahoneyusa.com/wholesale/,128.8,kg,1,1.0
Organic Coconut Oil,Bulk Apothecary,5.18,lb,1,1.0
Blue Spirolina (B12),https://www.bulksupplements.com/products/spirulina-powder?variant=32133457870959,21.4,kg,1,1.0
Vitamin B12,https://www.bulksupplements.com/products/vitamin-b12-pure-methylcobalamin-powder?variant=32133465047151,8.0,g,1,1.0
GABA,https://www.bulksupplements.com/products/gamma-aminobutyric-acid-gaba?variant=32133402361967,23.8,kg,1,1.0
Blueberry Extract,https://amoretti.com/products/organic-compliant-natural-blueberry-type-extract-ws?variant=6347957895200,91.17,lb,1,1.0
Kiwi Extract,https://amoretti.com/products/kiwi-extract-ws?variant=6348243304480,22.88,lb,1,1.0
Banana Extract,https://amoretti.com/products/banana-extract-ws?variant=6348271321120,82.38,lb,1,1.0
Terpineol,https://trueterpenes.com/products/pure-terpene-isolates/isolates/terpineol/,645.0,gal,1,1.0
Terpinolene,https://trueterpenes.com/products/pure-terpene-isolates/isolates/terpinolene/,497.0,gal,1,1.0
Delta 3 Carene,https://trueterpenes.com/products/pure-terpene-isolates/isolates/delta-3-carene/,618.0,gal,1,1.0
B Caryophyllene,https://trueterpenes.com/products/pure-terpene-isolates/isolates/beta-caryophyllene/,640.0,gal,1,1.0
Linalool,https://trueterpenes.com/products/pure-terpene-isolates/isolates/linalool/,769.0,gal,1,1.0
Lemon Extract,https://amoretti.com/products/lemon-extract-ws?variant=6347745493024,77.78,lb,1,1.0
Alpha GPC,Bulk Supplements,178.8,kg,1,1.0
L Tyrosine,https://www.bulksupplements.com/products/l-tyrosine?variant=32133425561711,23.6,kg,1,1.0
Ginko Biloba Extract,https://www.bulksupplements.com/products/ginkgo-biloba-leaf-extract-powder?variant=32133404098671,25.6,kg,1,1.0
Limonene,https://trueterpenes.com/products/pure-terpene-isolates/isolates/limonene/,413.0,gal,1,1.0
Bisabolol,https://trueterpenes.com/products/pure-terpene-isolates/isolates/alpha-bisabolol/,68.75,oz,1,1.0
b pinene,https://trueterpenes.com/products/pure-terpene-isolates/isolates/beta-pinene/,360.0,gal,1,1.0
Organic Ginger Root Powder,https://www.herbco.com/p-602-ginger-root-powder-organic.aspx,9.42,lb,1,1.0
Passion Flower,https://www.bulksupplements.com/products/passion-flower-extract-powder?variant=32133442502767&currency=USD&utm_medium=product_sync&utm_source=google&utm_content=sag_organic&utm_campaign=sag_organic&gclid=Cj0KCQjw0K-HBhDDARIsAFJ6UGgBiEcUnsBlSnJo9sK2DQQSRPeTu7BccCEaJJ9y0hv7xp6iD3vMOo4aAqBLEALw_wcB,34.0,kg,1,1.0
L-Tryptophan,https://www.bulksupplements.com/products/l-tryptophan-powder?variant=32133424971887,30.0,kg,1,1.0
MCT Powder,https://www.znaturalfoods.com/products/mct-oil-powder?variant=34369003552905,14.0,lb,1,1.0
3x Bamboo Salt,https://www.insanhealing.com/collections/3x-roasted/products/3x-bamboo-salt-1kg-powder,82.37,kg,1,1.0
Deionized Water,,0.0,l,1,1.0
Macuna Pruriens Extract,Bulk Supplemtents,20.8,kg,1,1.0
Grape Flavor,,5.43,lb,1,1.0
000 Capsules,CapsuleSupplies,2718.4,unit,1,1.0
5-HTP,Bulk Supplements,429.0,kg,1,1.0
00 Capsule,https://www.capsulesupplies.com/,0.028,unit,1,1.0
Strawberry,,115.0,lb,1,1.0
Coconut Water Powder,bulk supplemtents,29.4,kg,1,1.0
Guarana Extract,bulk supplemtents,42.96,kg,1,1.0
Watermelon Juice Powder,bulk supplemtents,34.0,kg,1,1.0
Elevance Smooth CS-110,,125.0,gal,1,1.0
PEG-30,,13.0,gal,1,1.0
Rhus Vernicfua,,25.0,kg,1,1.0
Arnica CLR,deverauxspecialties.com,40.0,kg,1,1.0
Tomato Puree,,0.034,oz,1,1.0
Atlantic Wakame Flakes,https://www.vitaminseaseaweed.com/flakes_alaria-wild-atlantic-wakame.html,32.0,lb,1,1.0
Organic Dulse Granules,https://www.bulkherbsandspice.com/product/dulse-granules/,22.5,lb,1,1.0
Organic Kelp Granules,https://www.starwest-botanicals.com/category/kelp/?gclid=CjwKCAjw1JeJBhB9EiwAV612y5_HbjFC62n5T37W4GjPikSukkHkgvHe-BqVLzw-bm0TpXnz6Nb8NRoClZwQAvD_BwE,10.17,lb,1,1.0
Organic Onion Powder,https://www.herbco.com/p-477-onion-powder-organic.aspx,6.83,lb,1,1.0
Organic Garlic Powder,https://www.herbco.com/p-505-garlic-powder-organic.aspx,12.6,lb,1,1.0
Nom Nom Paleo Mushroom Powder,Whole Foods,0.0908080808,g,1,1.0
Organic Celery,Whole Foods,0.83,unit,1,1.0
Organic Chili Powder W/O Salt,https://www.starwest-botanicals.com/category/chili-powder/,24.58,lb,1,1.0
Distilled White Vinegar,https://www.webstaurantstore.com/distilled-white-vinegar-1-gallon/999VINGRWHTE.html?utm_source=google&utm_medium=cpc&utm_campaign=GoogleShopping&gclid=CjwKCAjw1JeJBhB9EiwAV612y4bTofDm-nBShn1_ZodCWHnPDyEqHLE7IhVK4bfgyR67ELwb_bY1nhoCePYQAvD_BwE,2.29,gal,1,1.0
Non-GMO Corn Syrup,https://www.webstaurantstore.com/golden-barrel-5-gallon-non-gmo-corn-syrup/103NGMOCS42.html,6.86,gal,1,1.0
Vegan Clam Juice,,4.51,l,1,1.0
Golden Rod Herb,https://mountainroseherbs.com/goldenrod,12.0,lb,1,1.0
tamanu Seed Oil,https://mountainroseherbs.com/tamanu-oil,44.0,lb,1,1.0
murumuru seed butter,https://africaimports.com/murumuru-butter-1-lb?gclid=CjwKCAjwp_GJBhBmEiwALWBQk9OW-0hgGBe4zj2ySCmzPBlEYI9G8XS1RmCceYlJOZiz1oQv0YAhPhoCS5cQAvD_BwE,30.0,lb,1,1.0
comfrey,https://mountainroseherbs.com/comfrey-leaf,17.0,lb,1,1.0
Candelilla Wax,https://www.brambleberry.com/shop-by-product/ingredients/waxes/candelilla-wax---1-lb/IB003039.html?gclid=CjwKCAjw7fuJBhBdEiwA2lLMYdxE0mau1mUI4PUYiYVPwAG_UijzWV6F3PvKxJrVOHCRyAaP7AvlxhoCUjcQAvD_BwE,17.0,lb,1,1.0
NALT,Bulk Supplements,35.0,kg,1,1.0
Nerolidol,True Terpenes,1488.0,lb,1,1.0
coQ10,https://www.bulksupplements.com/products/coenzyme-q10-coq10-powder?variant=32133390270575,840.67,kg,1,1.0
a pinene,https://trueterpenes.com/products/pure-terpene-isolates/standard-grade-isolates/alpha-pinene-sg/,360.0,gal,1,1.0
B3,https://www.bulksupplements.com/products/vitamin-b3-niacinamide?variant=32133465243759,24.0,kg,1,1.0
D3,https://www.bulksupplements.com/products/vitamin-d3-cholecalciferol?variant=32133465866351,50.8,kg,1,1.0
Cyclldextrin,,32.6,kg,1,1.0
Pineapple Juice Powder,https://www.znaturalfoods.com/products/pineapple-juice-powder-organic?ad=organic&adtoken=883fa54ffdd147a5a3f1e1ff24c30d2e&id_employee=16&variant=34368988971145#idTab1,13.63,lb,1,1.0
Pineapple Powder,https://www.bulksupplements.com/products/pineapple-powder?variant=32133365039215,32.6,lb,1,1.0
BCAA,https://www.bulksupplements.com/products/bcaa-3-1-2-branched-chain-amino-acids-powder?variant=32133375197295,23.72,kg,1,1.0
Stinging Nettle Leaves,Mountain Rose Herbs,20.0,lb,1,1.0
Nurture EO,Essential Oil Wizard,100.0,oz,1,1.0
Fireweed,Salem Botanicals,30.0,lb,1,1.0
Kukui Nut Oil,Brambleberry,12.4,lb,1,1.0
Lip Smacking Oil,BrambleBerry,27.6,lb,1,1.0
Coconut Flavor Oil,BrambleBerry,25.0,lb,1,1.0
Hops Extract,BulkSupplements,46.0,kg,1,1.0
Inositol,BulkSupplements,32.0,kg,1,1.0
Holy Basil,BulkSupplements,44.0,kg,1,1.0
Banana Extract (Oil Soluble),Amoretti,87.0,lb,1,1.0
Aloe Lotion Base,Real Aloe,33.5,gal,1,1.0
DMSO,Google,45.0,gal,1,1.0
Texas Honey,Sam,60.0,gal,1,1.0
Ginger Juice Powder,Materia Organica,100.0,kg,1,1.0
Elderberry Extract,Mountain Rose,4.328125,oz,1,1.0
Black Pepper,liberty naturals,44.25,lb,1,1.0
Red Clover,Bulk Supplements,25.1584,kg,1,1.0
Nutmeg,HerbCo,13.11,lb,1,1.0
Licorice,Bulk Supplements,23.3984,kg,1,1.0
Wormwood,Mountain Rose Herbs,26.0,lb,1,1.0
Sage,Bulk Supplements,6.2784,kg,1,1.0
Yerba Mate,NutriCargo,32.49,kg,1,1.0
Yohimbe,Bulk Supplements,28.6784,kg,1,1.0
Organic Grape Ethanol,Organic Alcohol,108.8,gal,1,1.0
Chapparal,HerbCo,10.0,lb,1,1.0
Terpene Blend,Nano Cove,1.5,g,1,1.0
Chai Perfect,,88.0,g,1,1.0
R3A,,800.0,kg,1,1.0
Kratom Extract -1 gal,,750.0,gal,1,1.0
Bitter Blocker,MycoTechnology,2095.82,kg,1,1.0
Massage Oil Base,Dan,35.03090909,gal,1,1.0
Cinnamon Essential Oil,Bulk Apothecary,24.71,lb,1,1.0
Nutmeg Massage Essentials,Essential oil Wizardry,33.0,oz,1,1.0
TS Blend,,150.0,oz,1,1.0
0 Capsule,Capsule Supply,0.011,unit,1,1.0
Aloe SuperJuice,,18.35,gal,1,1.0
Turmeric Extract Powder,bulksupplements,129.92,kg,1,1.0
Freeze Dried Turmeric Juice Powder,materia organica,140.0,kg,1,1.0
Ascorbic Acid,Bulk Supplements,22.8,kg,1,1.0
Pet Chew (30 piece),,6.25,unit,1,1.0
dragons blood extract,New Directions Aromatics,13.07,lb,1,1.0
honeysuckle extract,New Direction Aromatics,30.23,lb,1,1.0
shiitake Extract,Bulk Supplements,44.6,kg,1,1.0
olive extract,Starwest Botanicals,270.0,gal,1,1.0
Charles R3A,,1600.0,l,1,1.0
Marjoram,liberty naturals,57.53,lb,1,1.0
juniper Berry Extract,liberty naturals,90.62,lb,1,1.0
SoluScience,,1600.0,kg,1,1.0
Energy Gummy,,0.075,unit,1,1.0
Night Gummy,,0.08,unit,1,1.0
Cacao,Izzi,12.0,lb,1,1.0
Coconut Sugar,https://essentialorganicingredients.com/products/sweeteners-organic-coconut-palm-sugar?currency=USD&variant=22065411293302&utm_medium=cpc&utm_source=google&utm_campaign=Google%20Shopping&utm_campaign=gs-2020-02-03&utm_source=google&utm_medium=smart_campaign&gclid=CjwKCAiA9tyQBhAIEiwA6tdCrBKPknAxVeYgnaX1IpDB6cr0v-80F_PwY82wYYqgELd_K9pvaD5-XRoCYmwQAvD_BwE,4.8,lb,1,1.0
Tangerine Extract,Amoretti,21.045,oz,1,1.0
Potassium Sorbate,,0.0,g,1,1.0
Sodium Benzoate,,0.0,g,1,1.0
Sucralose,,0.0,g,1,1.0
Sodium Gluconate,,0.0,g,1,1.0
Cucumber Beverage Infusion,Amoretti,4.58,lb,1,1.0
Mojito Mint Extract,Amoretti,77.78,lb,1,1.0
Fresh Lime Juice,,20.0,gal,1,1.0
Worcestershire Sauce,,16.66666667,gal,1,1.0
El Chilerito Chamoy,,20.27,gal,1,1.0
Tapatio,,25.0,gal,1,1.0
Huichol,,0.77,oz,1,1.0
Clamato,,6.25,gal,1,1.0
Bacon Flavor,Apex Flavors,283.66,gal,1,1.0
Raspberry Extract,Amoretti,77.78,lb,1,1.0
Cherry Lime Blue Raspberry Flavor,Amoretti,4.58,lb,1,1.0
Apple Extract,Amoretti,77.78,lb,1,1.0
QM Lotion,Brambleberry,25.0,lb,1,1.0
Emulsifying Wax,,32.0,lb,1,1.0
Bacon Strip,,0.25,unit,1,1.0
Steak bites,,0.3,unit,1,1.0
Vitamin D,https://www.bulksupplements.com/products/vitamin-d3-cholecalciferol?variant=32133465833583,53.0,kg,1,1.0
Strawberry Flavor Powder Sugar Free,,20.5,lb,1,1.0
Melon Flavor Powder Sugar Free,,23.0,lb,1,1.0
Green Apple flavor powder Sugar Free,,20.5,lb,1,1.0
Blueberry flavor powder Sugar Free,,20.5,lb,1,1.0
Raspberry flavor powder Sugar Free,,20.5,lb,1,1.0
CBD Isolate,,0.3,g,1,1.0
Cherry Flavor powder sugar free,,20.5,lb,1,1.0
Remedy Terpenes,,5.0,g,1,1.0
Dr D Powder,,0.0,g,1,1.0
SS TDC3,,1600.0,kg,1,1.0
Hyaluronic Acid,,792.0,lb,1,1.0
Optiphen ND,,41.0,lb,1,1.0
Rose Water,,21.0,lb,1,1.0
Small pinch of Rose Pearl Mica,,33.0,lb,1,1.0
Green Tea Extract,,50.96,kg,1,1.0
Calendula Extract,,45.0,lb,1,1.0
DL Panthenol,,40.0,lb,1,1.0
Plain Gummy,,0.15,unit,1,1.0
PEA,DR D,0.0,kg,1,1.0
10% Soluble PEA,,3160.771781,l,1,1.0
Palmyra Blossom Nectar,https://www.naturemills.com/products/palmyra-palm-jaggery?variant=31765019885705&currency=USD&utm_medium=product_sync&utm_source=google&utm_content=sag_organic&utm_campaign=sag_organic&utm_campaign=gs-2019-12-11&utm_source=google&utm_medium=smart_campaign&gclid=CjwKCAjw9-KTBhBcEiwAr19igx3TzxrYfbgysW9UrG5AQTrRf_S6YisDt6EOzDEG_azaPyVfiJZ0tBoCXKsQAvD_BwE,5.0,lb,1,1.0
Retinol Palmitate,,146.7367,lb,1,1.0
Peptillion,,168.0,kg,1,1.0
Germal Plus,,13.45,lb,1,1.0
Soluble Retinol Palmitate,,153.3906035,l,1,1.0
Soluble Peptillion,,150.199858,l,1,1.0
Propelyne Glycol,,1.56,lb,1,1.0
Kratom 50%,,3000.0,l,1,1.0
Soluble Curcumin,,25.8212,kg,1,1.0
Soluble Vitamin C,,5023.6788,kg,1,1.0
Soluble Ginseng,,2024.7228,kg,1,1.0
Soluble Ginger,,859.6914012,kg,1,1.0
Ginger Root Extract,https://www.bulksupplements.com/products/ginger-root-extract-powder?variant=32133403902063,33.392,kg,1,1.0
Ginseng Extract,,75.0,kg,1,1.0
MXQ R3A,,1200.0,kg,1,1.0
TD3,,800.0,kg,1,1.0
l-arginine,,37.96,kg,1,1.0
astragalus extract,,33.96,kg,1,1.0
black ginger (ginger root extract),,33.96,kg,1,1.0
cnidii fructus Extract,,33.96,kg,1,1.0
horny goat weed Extract,,33.96,kg,1,1.0
maca Extract,,36.96,kg,1,1.0
Tribulus Terrestris  Extract,,29.96,kg,1,1.0
fenugreek Extract,,26.96,kg,1,1.0
wild yam Extract,,36.96,kg,1,1.0
Sweet Cherry Flavor (2oz),amoretti,19.32,oz,1,1.0
spilanthes exrtract,,23.0,lb,1,1.0
Manjakani Powder Extract,bionutrciaextract.com quercus infectoria ,550.9,kg,1,1.0
Squalane Neossance,lotioncrafter (3.5fl oz),3.128571429,oz,1,1.0
Glyceryl Caprylate,makeyourown.buzz,18.85,lb,1,1.0
Hydroxyethyl Cellulose,Labdepotinc.com,453.6,kg,1,1.0
Aloe Vera Extract,,34.96,l,1,1.0
EDTA Disodium,,100.0,kg,1,1.0
Pueraria Extract,Kudzu Root Extract (pureria),31.96,kg,1,1.0
Xantham Gum,,12.25454545,lb,1,1.0
L-Carnitine,Bulksupplements,123.84,kg,1,1.0
citroline (L-Citrulline),,44.96,kg,1,1.0
lidocaine,,180.0,kg,1,1.0
Kratom Powder,,7.0,g,1,1.0
Kratom Liquid 806mg,,550.0,gal,1,1.0
Passion Extract,,131.11,lb,1,1.0
Guava Extract,,120.35,lb,1,1.0
Orange Flavor,,7.0,l,1,1.0
Soluble Matador,,16.77650772,l,1,1.0
Melatonin,bulk supplements,226.96,kg,1,1.0
dong quai Extract,https://www.bulksupplements.com/products/dong-quai-root-extract-powder?variant=32133396627567,43.8,kg,1,1.0
Sorbic Acid,https://www.bakersauthority.com/products/sorbic-acid,10.9,lb,1,1.0
oat straw extract Extract,,34.0,kg,1,1.0
Soluble Melatonin,,21.96457941,kg,1,1.0
longjack Extract,,48.6,kg,1,1.0
IBR Snowflake,,885.14,kg,1,1.0
Oil Soluble Mint Extract,https://amoretti.com/search?type=article%2Cpage%2Cproduct&q=mint+oil,380.0,kg,1,1.0
Corn Syrup - Conventional,Webstaurant,15.0,gal,1,1.0
tobasco,websstaurant,41.5,gal,1,1.0
chefs quality ocean clam juice,,4.551470588,l,1,1.0
Garlic Onion Powder,online bulk,10.0,lb,1,1.0
Celery Juice,,2.0,l,1,1.0
Tomato,$15 to make 3gallons (6.5:1 ratio water to tomato paste),2.5,gal,1,1.0
Servehzah Clamato,,12.96930948,gal,1,1.0
Cucumber Water,Bramble Berry,1.3125,oz,1,1.0
Soapnut Extract,Synergio,225.0,kg,1,1.0
Sugarcane Extract,Synergio,145.0,kg,1,1.0
Phytospherix,Deveraux,1100.0,kg,1,1.0
Sodium Hyaluronate,McKinley,550.0,kg,1,1.0
erythritol,,0.27,oz,1,1.0
Sodium Acid Sulfate,SoluScience,0.0,g,1,1.0
MXQ Lifewater Micelles,,1308.91033,l,1,1.0
Lime Extract,,77.0,lb,1,1.0
Ionic Minerals,,296.0353089,oz,1,1.0
Charles TDC3,,1230.48,l,1,1.0
Parsley (case),,28.0,unit,1,1.0
Lemons (30lb),,80.0,unit,1,1.0
Hibiscus (25lb),,400.0,unit,1,1.0
Ginger (30lb),,90.0,unit,1,1.0
Cilantro (30 Bunch),,45.0,unit,1,1.0
Honey (5lbs),,18.0,unit,1,1.0
Diclofenac sodium salt,,4.92,g,1,1.0
Tetracycline Hyrdochloride,,4.0,g,1,1.0
Vanilla Bean,Beanzilla,2.528125,oz,1,1.0
Rum Flavor,Natures Flavor,133.21,gal,1,1.0
Cinnamon Flavoring,Natures Flavor,133.21,gal,1,1.0
Key Lime Flavor,Natures Flavor,133.21,gal,1,1.0
Lychee Flavor,Natures Flavor,133.21,gal,1,1.0
Hibiscus Flavor,Natures Flavor,133.21,gal,1,1.0
Mango Flavor,Natures Flavor,133.21,gal,1,1.0
Pineapple,Natures Flavor,143.41,gal,1,1.0
Passion Fruit Extract,Natures Flavor,133.21,gal,1,1.0
Coconut Flavor Concentrate,Natural Flavors,133.21,gal,1,1.0
Himalayan Sea Salt - 5lb,Sea Salt,2.0,lb,1,1.0
Himalayan Sea Salt - 55lb,Sea Salt,3.036363636,lb,1,1.0
Shilajit,,900.0,kg,1,1.0
Vitamin B,https://www.bulksupplements.com/products/pyridoxine-hydrochloride-vitamin-b6?_pos=5&_sid=2c953c083&_ss=r&variant=32133465636975,51.0,kg,1,1.0
Beta Carotene,https://www.sigmaaldrich.com/US/en/search/beta-carotene?focus=products&page=1&perpage=30&sort=relevance&term=beta%20carotene&type=product,14.0,g,1,1.0
NatSurt,https://www.bulksupplements.com/products/ashwagandha-extract-powder?variant=32133373493359,7.55,kg,1,1.0
Bulk 3x Bamboo Salt,,15.1,kg,1,1.0
Bulk 9x Bamboo Salt,,64.18,kg,1,1.0
Mango Extract - OS,https://amoretti.com/products/mango-extract-os,18.95,oz,1,1.0
Wintergreen Essential Oil -25lbs,,113.4477778,lb,1,1.0
Peppermint Essential Oil - 25lbs,,52.57722222,lb,1,1.0
Camphor Essential Oil - 25lbs,,29.69611111,lb,1,1.0
QM Lotion - 35LBS,,22.85714286,lb,1,1.0
Menthol - 55lbs,,13.82090909,lb,1,1.0
Carrot Juice Powder,Bulk Supplements,27.4,kg,1,1.0
Tangerine Juice,NutriCargo,45.0,kg,1,1.0
Pineapple Rind,BoxNutra,17.314,kg,1,1.0
Cabbage Juice Powder,BoxNutra,35.5,kg,1,1.0
Apple Cider Vinegar,HummingBird Wholesale,15.12,gal,1,1.0
Eleurthero Root,BoxNutra,43.0,kg,1,1.0
Gotu Kola,BoxNutra,18.0,kg,1,1.0
Green Tea Extract,Bulk Supplements,48.6,kg,1,1.0
Grape Skin Extract,BoxNutra,62.4,kg,1,1.0
Lemon,Bulk Supplements,44.0,kg,1,1.0
Cucumber,Box Nutra,19.78,kg,1,1.0
Mint,Box Nutra,23.0,kg,1,1.0
Celery,NutriCargo,36.49,kg,1,1.0
Celery Seed,Box Nutra,13.58,kg,1,1.0
Ginger,Box Nutra,19.17,kg,1,1.0
Cranberry Skin Extract,Box Nutra,26.38,kg,1,1.0
Juniper Berry,Box Nutra,31.33,kg,1,1.0
Uva Ursi,Box Nutra,30.17,kg,1,1.0
Guduchi,Mountain Rose Herbs,21.0,lb,1,1.0
Sarsparilla Root,Box Nutra,37.77,kg,1,1.0
Chanca Piedra,Box Nutra,19.78,kg,1,1.0
Spinach,Box Nutra,13.85,kg,1,1.0
Kale,Box Nutra,42.85,kg,1,1.0
Green Pepper,NutriCargo,42.99,kg,1,1.0
Schizandra Berry,Box Nutra,38.42,kg,1,1.0
Dandelion Root,Box Nutra,24.72,kg,1,1.0
Artichoke Leaf,Box Nutra,19.82,kg,1,1.0
Milk Thistle,Box Nutra,23.434,kg,1,1.0
Bupleurum Root,Mountain Rose Herbs,69.0,lb,1,1.0
Goldenseal Root,Monterey Bay Farm Herbs,109.2,lb,1,1.0
Kaffir Lime,Olive Nation,52.59,kg,1,1.0
Lemongrass,Box Nutra,32.288,kg,1,1.0
Thai Chili,Spice Jungle,28.63,kg,1,1.0
Holy Basil,Box Nutra,55.786,kg,1,1.0
Marshmallow Root,Box Nutra,42.874,kg,1,1.0
Astragalus Root,Box Nutra,16.612,kg,1,1.0
Mullein Leaf,Nutri Cargo,48.49,lb,1,1.0
Wild Cherry Bark,Mountain Rose Herbs,27.5,lb,1,1.0
Eucalyptus Leaf,Mountain Rose Herbs,18.0,lb,1,1.0
MSM,Box Nutra,12.67,kg,1,1.0
Pomegranate Rinds,Bixa Botanicals,18.49,lb,1,1.0
Beet Root,Box Nutra,16.59,kg,1,1.0
Hawthorn Berry,Box Nutra,14.016,kg,1,1.0
Red Ginseng,Box Nutra,79.712,kg,1,1.0
Red Pepper,Box Nutra,6.118,kg,1,1.0
Cayenne,Box Nutra,59.662,kg,1,1.0
Burdock Root,Box Nutra,18.14,kg,1,1.0
Brown Kelp,Nutri Cargo,118.99,kg,1,1.0
Nettle Leaf,Box Nutra,103.44,kg,1,1.0
Olive Leaf,Box Nutra,23.086,kg,1,1.0
Manjistha Root,Banyan Botanicals,17.49,kg,1,1.0
Pau D’Arco,starwest botanicals,23.42,lb,1,1.0
Dragons Blood,New Directions Aromatics,20.798,lb,1,1.0
Cardomon,Mountain Rose Herbs,60.0,lb,1,1.0
Clove,Box Nutra,49.47,kg,1,1.0
Black Walnut Hull,Mountain Rose Herbs,17.5,lb,1,1.0
Cat’s Claw,Box Nutra,16.49,kg,1,1.0
Cascara Sagrada,Box Nutra,28.15,kg,1,1.0
Gentian Root,Monterey Bay Herb Co.,22.54,lb,1,1.0
Haritaki Fruit,Banyan Botanicals,25.0,lb,1,1.0
Mushroom Blend,,38.903,kg,1,1.0
Nano Zeolite,,50.0,kg,1,1.0
ChagaRoot Core Detox,,27.66850378,kg,1,1.0
Cinnamon Bark Extract,BoxNutra,16.0,kg,1,1.0
Slippery Elm Bark,Bulk Supplements ,26.83333333,kg,1,1.0
Peppermint Leaf,Box Nutra,18.43,kg,1,1.0
Shiitake Mushroom Powder,Box Nutra,37.516,kg,1,1.0
Yellow Dockroot,Box Nutra,22.31,kg,1,1.0
Maitake,Box Nutra,36.0,kg,1,1.0
Black Trumpet Mushroom,Mt Hope,75.0,lb,1,1.0
Oregano Extract,Bulk Supplements,33.2,kg,1,1.0
Green Jeeva Turkey Tail Mushroom Powder,Green Jeeva,13.5,kg,1,1.0
Green Jeeva Chaga Mushroom Powder,Green Jeeva,20.0,kg,1,1.0
Green Jeeva Reishi Mushroom Powder,Green Jeeva,11.0,kg,1,1.0
Green Jeeva Shiitake Mushroom Powde,Green Jeeva,10.0,kg,1,1.0
Green Jeeva Lions Mane Mushroom Powder,Green Jeeva,21.0,kg,1,1.0
Green Jeeva Organic Cordyceps Mushroom Powder,Green Jeeva,10.0,kg,1,1.0
Charles CBC,Charles,7000.0,kg,1,1.0
charles BS ,charles,650.0,kg,1,1.0
charles cbn,charles,3000.0,kg,1,1.0
Distilled Water,,1.0,gal,1,1.0
Cinnamon Oil Soluble Flavor,,23.8875,oz,1,1.0
Peppermint Oil Soluble,,24.5775,oz,1,1.0
Lemon Puree - 4lbs,,7.0,lb,1,1.0
Lemon Puree - 11lbs,,3.545454545,lb,1,1.0
Lemon Puree - 44lbs,,2.045454545,lb,1,1.0
Lemon Puree - 440lbs,,2.022727273,lb,1,1.0
Organic Super Greens Blend,,15.63636364,lb,1,1.0
Pineapple Flavor Powder,,13.63636364,lb,1,1.0
Coconut Milk Powder,,7.878787879,lb,1,1.0
acerola cherry,,21.8,lb,1,1.0
Mushroom Grow Kit (5lbs),,12.5,unit,1,1.0
POG Extract - 2lbs,,126.93,lb,1,1.0
POG Craft Puree - 2.2lbs,,27.74,lb,1,1.0
Shilajit Liquid,,8.1,oz,1,1.0
Ionic Minerals,,296.0353089,oz,1,1.0
Rose Water ,,135.0,gal,1,1.0
Custom No Scent Lotion Base - 12 barrel (660gal) ,,31.82,gal,1,1.0
ChagaRoot Mushroom Blend,,14.25,kg,1,1.0
FermentIQ™ PEA,,9.0,kg,1,1.0
ClearIQ™ Specialty Flavor A500,,39.9,lb,1,1.0
lakanto - matcha,,0.3685,oz,1,1.0
lakanto - cocoa,,0.3135,oz,1,1.0
Garcinia Cambogia,,37.96,kg,1,1.0
Sour Diesel PEAK INCA Terpenes,,3.0,g,1,1.0
Immunity Essential Oil,Bulk Apothecary,42.15,lb,1,1.0
Bulgarian Lavendar Essential Oil,Bulk Apothecary,28.79,lb,1,1.0
Frankincense Essential Oil,Liberty Naturals,255.0,lb,1,1.0
Lemon Essential Oil,Bulk Apothecary,20.98,lb,1,1.0
Peppermint - India,Bulk Apothecary,36.06,lb,1,1.0
Tea Tree Essential Oil,Bulk Apothecary,18.89,lb,1,1.0
Hungarian Lavender,Liberty Naturals,39.42,lb,1,1.0
Lemon Italy,Liberty Naturals,14.03,lb,1,1.0
Tea Tree Premium - Australia,Liberty Naturals,17.45,lb,1,1.0
Organic Fractionated Palm Oil,Bulk Apothecary,2.13,lb,1,1.0
Natural Creamy & Rich Chocolate Flavor Powder WONF #2031213 Carmi,,37.48,kg,1,1.0
Natural Chocolate Flavor Powder #2031091 / Carmi,,19.84,kg,1,1.0
Forbes Chocolate- Sierre No..29 - Premium 10/12 Alkalized Cocoa,,2.07,lb,1,1.0
Pre-roll Material,,700.0,lb,1,1.0
Smokable Flower,,1300.0,lb,1,1.0
Natural Vanilla Flavor Powder WONF #2031840,,29.84,kg,1,1.0
Natural French Vanilla Powder WONF #2031841,,27.23,kg,1,1.0
Natural Golden Kiwi Artisan Flavor Paste,https://amoretti.com/products/natural-golden-kiwi-artisan-flavor?variant=40324319936617,19.26,lb,1,1.0
Natural Wild Strawberry Artisan Flavor Paste,https://amoretti.com/products/wild-strawberry-artisan-flavor?variant=6348045844512,19.26,lb,1,1.0
Hibiscus Extract Water Soluble,https://amoretti.com/products/hibiscus-extract-ws,132.17,lb,1,1.0
Pineapple Craft Puree,https://amoretti.com/products/pineaple-craft-puree?variant=6342599311392,13.97222222,lb,1,1.0
Natural Mango Artisan Flavor Paste,https://amoretti.com/products/mango-artisan-flavor?variant=6345445179424,192.6,lb,1,1.0
Blue Lotus Mix,,19.04761905,l,1,1.0
Blue Lotus Extract,schemrbals,43.285,oz,1,1.0
Kava Extract,,267.0,kg,1,1.0
Kratom 75%,,5.0,g,1,1.0
Frankincense Essential Oil - ,bulk apothecary,11.55,lb,1,1.0
humulene,,645.0,gal,1,1.0
Mineral Oil,,15.0,gal,1,1.0
Lavender E.O - Standard,,27.5,lb,1,1.0
peppermint  india,,14.3,lb,1,1.0
Lemon E.O,bulk,9.68,lb,1,1.0
Salt Well Sea Salt,,1.03,lb,1,1.0
allSWEET® Allulose Crystalline Powder,,2.49,lb,1,1.0
ClearIQ M360,,20.0,lb,1,1.0
Orafti Inulin,,2.84,lb,1,1.0
TIC UltraSmooth CL,,14.85,lb,1,1.0
Citric Acid Anhydrous,,2.0,lb,1,1.0
Luohanguo Glucoside MV-50 ,,116.35,lb,1,1.0
FermentIQ™ PTP,,9.0,kg,1,1.0
Coconut Milk Powder,,10.86,kg,1,1.0
TIC Gum Blend Pro 181 AG (Acacia + Gellan),,15.61,lb,1,1.0
High Oleic Sunflower Oil,,7.5,kg,1,1.0
FIQ Pea Protein ,,9.0,kg,1,1.0
ClearIQ A500,,39.9,lb,1,1.0
Dipotassium Phosphate,,7.29,lb,1,1.0
Natural Rich and Creamy Chocolate Type Flavor #2032309,,12.45,lb,1,1.0
Natural Chocolate Flavor #2032310,,19.0,lb,1,1.0
Natural Vanilla Flavor Liquid WONF #2032311,,11.0,lb,1,1.0
Natural French Vanilla Type Flavor Liquid #2032312,,8.1,lb,1,1.0
Natural Strawberry Flavor WONF #2032313,,36.0,lb,1,1.0
Pellegrino Sparkling Water,,2.666,l,1,1.0
Triple Distillated Peppermint - PNW,,33.93,lb,1,1.0
Premium Aus Tea Tree 730lb,,18.03416,lb,1,1.0
Astaxanthin,,2.0,g,1,1.0
Soluble Caliente,,9.28912,kg,1,1.0
Mango Chunks,,1.481666667,lb,1,1.0
Banana Sliced,,1.335,lb,1,1.0
Banana Green Tipped,,0.6275,lb,1,1.0
COCONUT MEAT,,4.451136364,lb,1,1.0
COCONUT CREAM,,6.390151515,lb,1,1.0
AVOCADO PULP,,3.708333333,lb,1,1.0
e3Live Blue Majik,,395.95,lb,1,1.0
65° Blueberry Juice Concentrate - 5gal,,44.5,gal,1,1.0
 70° Pear Juice Concentrate - 5gal,,20.5,gal,1,1.0
68° White Grape Juice Concentrate - 5gal,,24.5,gal,1,1.0
 Frozen Mango Chunks -20lb case,,2.0995,lb,1,1.0
Frozen Banana Chunks - 20lbs Case,,2.2995,lb,1,1.0
Fresh Bananas - 10lb,,1.099,lb,1,1.0
 Frozen Avocado Chunks - 16lbs tub,,3.499375,lb,1,1.0
4berry blend- blueberry blackberry raspberry strawberry 10lb,,4.599,lb,1,1.0
Medjool Dates - 11lbs,,3.180909091,lb,1,1.0
Limes 5lbs,,1.516,lb,1,1.0
1lime slice (20g),,1.52,lb,1,1.0
03867 FZN-MANGO CHUNKS 30 LB = $44.45,,1.481666667,lb,1,1.0
10450 FZN-BANANA SLICED 20 LB =$26.70,,1.31,lb,1,1.0
1032 BANANA-GREEN TIP 40 LB = $25.10,,0.6275,lb,1,1.0
08014 FZN-AVOCADO PULP 12 LB = $44.50,,3.708333333,lb,1,1.0
blackberry puree,,3.081818182,lb,1,1.0
Ice,,0.0,lb,1,1.0
Chocolate MycoProtein Powder,,5.37,lb,1,1.0
Vanilla MycoProtein Powder,,5.96,lb,1,1.0
Pineapple Fruit Puree,,1.770227273,lb,1,1.0
Passionfruit Fruit Puree,,2.906590909,lb,1,1.0
Frozen Pineapple - 20lb case,,2.1475,lb,1,1.0
Pineapple Juice,,1.724137931,lb,1,1.0
Liquidry 5 Greens Powder -,,32.67,kg,1,1.0
Coconut Mylk,,3.462546926,kg,1,1.0
organic fractionated coconut oil,,5.31,lb,1,1.0
Raw Organic Agave Syrup,https://bulknaturaloils.com/agave-nectar-raw-organic-5-5kg-gallon.html,14.081,kg,1,1.0
Whole Frozen Strawberries - Vesta  #01062,,1.732333333,lb,1,1.0
Whole Frozen Blueberries - Vesta  #1043 ,,2.286,lb,1,1.0
Arrowroot Powder - Vesta    #22574   ,,0.54921875,oz,1,1.0
Pear Juice - My Happy Pantry ,https://myhappypantry.com/products/knudsen-juice-pear-org?variant=39957528150211&currency=USD&utm_medium=product_sync&utm_source=google&utm_content=sag_organic&utm_campaign=sag_organic&utm_term=&utm_campaign=Sales-Performance+Max-MHP&utm_source=adwords&utm_medium=ppc&hsa_acc=4898083148&hsa_cam=20377114773&hsa_grp=&hsa_ad=&hsa_src=x&hsa_tgt=&hsa_kw=&hsa_mt=&hsa_net=adwords&hsa_ver=3&gclid=Cj0KCQiA2eKtBhDcARIsAEGTG413aSzg86g_B3h_CmgCK54Y0yTvGjFRRaFYFaOHi-YJmxNfgpa6khkaAqjvEALw_wcB,0.16604,oz,1,1.0
Orange Mango Juice,https://myhappypantry.com/products/42608459200?_pos=1&_sid=44eae176f&_ss=r&variant=42944846069974,0.1865,oz,1,1.0
Blueberry Pomegranite Juice,https://myhappypantry.com/products/74682107791?_pos=1&_sid=baea0efc7&_ss=r&variant=42938352959702,0.1484,oz,1,1.0
Vanilla Extract - Vesta #16853,,67.8,l,1,1.0
Lemon Juice - Vesta #1700,,13.28,gal,1,1.0
Arrowroot Thickener,,0.15,oz,1,1.0
SweetWater Concentrate,,2.901116071,kg,1,1.0
Blue Lotus Extract - 1kg,,650.0,kg,1,1.0
Water Soluble Blue Lotus Matador,,15.94532102,l,1,1.0
R-ALA,,512.96,kg,1,1.0
Functional Terpenes,,3.0,g,1,1.0
Soluble Terpenes,,186.4456,l,1,1.0
Anthony Coffee - 14oz,,1.422142857,oz,1,1.0
Hop Extract Powder,,37.0,kg,1,1.0
Passion Flower Extract Powder,,37.0,kg,1,1.0
Magnesium Glycinate Powder,,36.0,kg,1,1.0
Tart Cherry Extract Powder,,36.0,kg,1,1.0
Aloe Lotion 4-6 Barrels,,34.5,gal,1,1.0
Aloe Lotion 10+ Barrels,,31.82,gal,1,1.0
Soluble Hangover Remedy -Day,,154.4631938,l,1,1.0
kudzu root extract,,50.0,kg,1,1.0
Artisan Bamboo Salt,,54.44,kg,1,1.0
PharmaX Bulk Plain Gummy,,0.1,unit,1,1.0
Lab Alley - DMSO 55gal Drum (landed),,45.4,gal,1,1.0
Univar Propylene Glycol 55gal (x4 Drums),,1.371041667,lb,1,1.0
Green Coffee Extract,Bul Supplements,27.0,kg,1,1.0
Soluble Hangover Remedy - NIGHT,,154.5634938,kg,1,1.0
L-Citrulline - 20kg,,12.318,kg,1,1.0
Ascorbic Acid - 25kg,,8.3652,kg,1,1.0
Maca Root - 25kg,,18.5,kg,1,1.0
Panax Ginseng - 25kg,,48.35,kg,1,1.0
Wild Yam - 25kg,,21.8352,kg,1,1.0
Vitamin D3 - 25kg,,13.1524,kg,1,1.0
Damiana Extract - 25kg,,15.3952,kg,1,1.0
Dong Quua - 25kg,,19.5924,kg,1,1.0
DMSO Drum,,105.45,gal,1,1.0
">100,000 Plain Gummy ",,0.1,unit,1,1.0
Black Ginger Powder,,5.09,oz,1,1.0
Ilocano Asin™ Romblon Box - 3oz,,5.0,unit,1,1.0
Ilocano Asin™ Buri + Bilit Box - 5oz,,7.5,unit,1,1.0
Fino Asin™ Romblon Box - 3oz,,4.5,unit,1,1.0
Asin Tibuok Egg,,65.0,unit,1,1.0
105000  STRAWBERRY FLAVOR CANDY NATURAL,Dayton,144.4,gal,1,1.0
113080   COTTON CANDY FLAVOR NATURAL ,Dayton,71.6,gal,1,1.0
106780   BUBBLE GUM FLAVOR NATURAL FOR CANDY (GAL),,76.0,gal,1,1.0
Reb M Stevia,,50.0,oz,1,1.0
Dayton - Natural Fruity Type Flavor Powder,,21.6,lb,1,1.0
Liquadry - 5 Greens Powder,,32.78,kg,1,1.0
Liquadry - Organic Lemon Juice Powder,,59.86,kg,1,1.0
LiquaDry - Organic Orange Juice Powder,,20.0,kg,1,1.0
NP Nutra - Organic Pineapple Juice Powder,,21.78,kg,1,1.0
Omni Ingredients - Chlorella Powder,,18.0,kg,1,1.0
Omni Ingredients - Acerola Cherry Powder,,31.0,kg,1,1.0
Omni Ingredients - Broccoli Sprout Powder,,15.0,kg,1,1.0
Omni Ingredients - Ginger Root Powder,,15.0,kg,1,1.0
Omni Ingredients - Watermelon Juice Powder,,17.0,kg,1,1.0
Carmi - Bitter Masking Powder,,32.5,lb,1,1.0
Carmi - Greens Masking Powder,,27.45,lb,1,1.0
Carmi - Natural Lemon Oil Flavor Powder,,17.25,lb,1,1.0
Carmi - Natural Lemon Flavor Powder,,17.25,lb,1,1.0
Carmi - Pineapple Flavor Powder,,25.05,lb,1,1.0
Freeze-Dried Coffee-30lbs,,17.757,lb,1,1.0
Low Quality Pre-Roll Material,,0.18,g,1,1.0
A Quality Pre-Roll Material,,0.36,g,1,1.0
AAA Quality + Terpene Infusion Pre-Roll Material,,0.36,g,1,1.0
Zanthalene,,506.0,kg,1,1.0
Egg White Protein Powder,,57.96,kg,1,1.0
3% Hydrogen Peroxide Solution,,14.4,gal,1,1.0
Sunflower Lecithin - bulk supplements,,78.96,kg,1,1.0
NatureSweetz,,100.0,kg,1,1.0
Avela,,150.0,kg,1,1.0
Agarikon Extract 100g,,0.3499,g,1,1.0
Colostrum Powder,,0.128,g,1,1.0
Ilocano Asin - .5kg,,12.5,lb,1,1.0
Eau De Source,,57.0,kg,1,1.0
Colombian Dark Roast Coffee - 5lb,https://www.missioncoffeeroasters.com/online-store/fresh-roasted-coffee-whole-bean-or-ground-5-lb-bulk-bulk-pkg?srsltid=AfmBOorvnisFTY-aKgM7H-PMumO-oV8WWj0j7rHRwayqPfNS4TrX7dCc,11.0,lb,1,1.0
L-Phenylalanine,,33.0,kg,1,1.0
copper peptides,,400.0,kg,1,1.0
Zinc Citrate,,31.0,kg,1,1.0
Iron,,33.5,kg,1,1.0
Folic Acid (Vitamin B9),,0.23,g,1,1.0
Vitamin B12 (Methylcobalamin),,4.296,g,1,1.0
Vitamin B6 (Pyridoxine HCl),,0.08792,g,1,1.0
Vitamin B3 (Niacinamide),,0.076,g,1,1.0
Vitamin B1 (Thiamine Mononitrate),,0.116,g,1,1.0
Vitamin B7 (Biotin),,0.324,g,1,1.0
Selenium,,33.75,kg,1,1.0
Catalase,https://www.laballey.com/products/catalase-20-000-units-gram?variant=7218970001467,3.0,g,1,1.0
Polypodium Leucotomos Extract,,77.01,kg,1,1.0
White Turmeric Extract,Native Extracts,775.0,kg,1,1.0
Omega-3 Fatty Acids,https://boxnutra.com/products/omega-3-fatty-acids?variant=44169104982240&cmpid=6220ea6ab98c6b000117052f&sub1=PerformanceMax1KG&sub2=&sub3=&sub4=&sub5=&sub6=20633877294&sub7=c&sub8=&sub9=x&sub10=&ref_id=CjwKCAiA2cu9BhBhEiwAft6IxL4JEoQAHjxujmLaB6QZB9rIJR97SVfoaixVoRL2-an785oJL4O7dxoCZgEQAvD_BwE&gad_source=1&gclid=CjwKCAiA2cu9BhBhEiwAft6IxL4JEoQAHjxujmLaB6QZB9rIJR97SVfoaixVoRL2-an785oJL4O7dxoCZgEQAvD_BwE,115.0,kg,1,1.0
"Digestive Enzyme Blend (Bromelain, Papain, Amylase, Lipase, Protease)",,100.0,kg,1,1.0
Betaine HCl,,21.0,kg,1,1.0
Potassium Iodide,,430.0,kg,1,1.0
Glutathione Powder,,152.0,kg,1,1.0
White Lotus,,63.0,gal,1,1.0
Golden Hominy- 14oz bag,,0.00385,g,1,1.0
Mozzerella Cheese - 2lb block,,0.008809261301,g,1,1.0
Cotija Cheese - 10oz block,,0.01539647577,g,1,1.0
Arepas Masa Mix,,0.001465956665,g,1,1.0
Yellow Olotillo,,1.763636364,lb,1,1.0
Magnesium Malate,,49.52,kg,1,1.0
Malic Acid,,0.02138235294,g,1,1.0
Silicon Dioxide,,39.84,kg,1,1.0
Microcrystalline Cellulose Powder ,,45.54,kg,1,1.0
Tapioca Flour,https://www.myspicesage.com/products/tapioca-starch?variant=41719541203117&gad_source=1&gclid=Cj0KCQjwkN--BhDkARIsAD_mnIovFC8yZCDfAfs47zkhoCA4DlXeR27LSexhTKoZ7sLYYYS6meGScYEaAlMiEALw_wcB,4.72,lb,1,1.0
Elemental Magnesium,,3.19875,oz,1,1.0
Wild Berry WS Amoretti - 8LBS,,137.5,lb,1,1.0
Cacao - Commodity Pricing,,5.0196896,kg,1,1.0
Cacao - x2,,50.196896,kg,1,1.0
cacao nibs,,15.0,lb,1,1.0
panela,,7.196969697,lb,1,1.0
Lip Balm base,,5.142857143,lb,1,1.0
El Tejido Farms Cacao,,21.0,lb,1,1.0
Chamomile Extract Powder,Bulk Supplements,100.97,kg,1,1.0
Zinc Picolinate 20%,PureBulk,72.95,kg,1,1.0
Saffron Extract Powder 10:1,https://www.bulknaturalswholesale.com/products/saffron-extract-powder-10-1-skin-brightening-antioxidant?variant=44416053674234,108.15,kg,1,1.0
Theobromine Powder,bulk Supplements,100.0,kg,1,1.0
"Natural French Vanilla Extract Water Soluble
",,18.04,oz,1,1.0
Nano Encapsulation Media,,0.0,g,1,1.0
Peppermint Extract  Flavor Water Soluble,,15.335,oz,1,1.0
Boswellia Serrata Extract,Bulk Supplements,40.97,kg,1,1.0
White Willow Bark Extract,Bulk Supplements,41.97,kg,1,1.0
Quercetin Dihydrate,bulk Supplements,113.594,kg,1,1.0
Cholene CDP,Box Nutra,900.0,kg,1,1.0
Rhodiola Extract (3% Rosavin) Powder,bulksupplements,300.0,kg,1,1.0
Huperzine A,bulk supplements,1419.7,kg,1,1.0
"Tangelo (Tangerine Grapefruit) Extract Water Soluble
",amoretti,17.515,oz,1,1.0
L-Norvaline Powder,bulk supplements,129.97,kg,1,1.0
Uridine 5 Nonophosphate,Sigma Aldrich,215.0,g,1,1.0
Nattokinase 4000 FU Powder,Bulk Supplements,625.21,kg,1,1.0
Tongkat Ali Extract Powder (LongJack),Bulk Supplements,43.97,kg,1,1.0
Nano Vasodialator 823.18,unknown where to source,0.0,kg,1,1.0
Organic Shatavari Root powder,Mountain Rose Herbs,21.0,lb,1,1.0
Phenylethylamine HCl (PEA) Powder,Bulk Supplements,80.0,kg,1,1.0
Kavalactone Extract 80%,,1200.0,kg,1,1.0
Calendua Oil,,44.0,lb,1,1.0
Muscle Freeze Gel - 1 gal,,49.0,kg,1,1.0
Essential Oil Blend #0014 ,,347.92,lb,1,1.0
Muscle Freeze Gel 55gal ,,35.45454545,gal,1,1.0
"	
Ghirardelli Queen Dark Chocolate Wafers 35 lb.",,7.304136646,lb,1,1.0
Organic Peruvian Cacao Nibs 300lbs,,15.86,lb,1,1.0
Organic Peruvian Cacao Nibs 800lbs,,15.26,lb,1,1.0
Rainbow Confectionery Dark Coating Wafers 50LB,,4.07,lb,1,1.0
Domino Pure Cane Extra Fine Granulated Sugar - 50 lb,,1.2,lb,1,1.0
Beef Bone Broth Protein Powder,,31.2,lb,1,1.0
Chicken Collagen Powder,,37.2,lb,1,1.0
Ghirardelli Dark Chocolate,,5.9,lb,1,1.0
Ghirardelli Milk Chocolate,,6.9,lb,1,1.0
Ghirardelli White Chocolate,,6.9,lb,1,1.0
Wintergreen Essential oil - 100lb Pricing,,15.62,lb,1,1.0
Peppermint 55gal,Peppermint India Bulk Apothecary,14.3,lb,1,1.0
QM Emulsifier - Custom 35lb Pricing,,17.11428571,lb,1,1.0
Muscle Freeze Gel - 6 x 55gal,,34.19,gal,1,1.0
Cocoa Butter - 5lbs,https://dolcesuperfoods.com/products/organic-cacao-butter?variant=42069358051513&country=US&currency=USD&gad_source=1&gad_campaignid=20812364621&gbraid=0AAAAApBJHCm2FIIB0i1KAF0JRm0yNusZr&gclid=CjwKCAjwpOfHBhAxEiwAm1SwEvhxkeEwMjzN3sjtBAgrytuPFv35tYv-C44-iHS-wYurMgYbELJYJxoCbigQAvD_BwE,21.2,lb,1,1.0
True Spice Coffee - Pallet Pricing,,13.41476699,lb,1,1.0
LifeZyme - 9oz,https://www.puradyme.com/products/liyfzy-digestive-enzymes?variant=7602705203263,12.72222222,oz,1,1.0
